{"cameraMode":{"drawMode":0,"name":"Shaded","section":"Shading Mode"},"sceneLighting":true,"audioPlay":false,"sceneViewState":{"showFog":true,"showMaterialUpdate":false,"showSkybox":false,"showFlares":true,"showImageEffects":true,"showParticleSystems":true},"in2DMode":false,"pivot":{"x":35.18191146850586,"y":-2.575021266937256,"z":20.290672302246095},"rotation":{"x":-0.1327182799577713,"y":0.7158523797988892,"z":-0.14169007539749146,"w":-0.6712397933006287},"size":7.878080368041992,"orthographic":false}