{"cameraMode":{"drawMode":0,"name":"Shaded","section":"Shading Mode"},"sceneLighting":false,"audioPlay":false,"sceneViewState":{"showFog":true,"showMaterialUpdate":false,"showSkybox":false,"showFlares":true,"showImageEffects":true,"showParticleSystems":true},"in2DMode":false,"pivot":{"x":19.204612731933595,"y":17.290103912353517,"z":-11.723787307739258},"rotation":{"x":0.007597136311233044,"y":-0.962670624256134,"z":-0.26921775937080386,"w":-0.027162520214915277},"size":20.229326248168947,"orthographic":false}