{"cameraMode":{"drawMode":0,"name":"Shaded","section":"Shading Mode"},"sceneLighting":true,"audioPlay":false,"sceneViewState":{"showFog":true,"showMaterialUpdate":false,"showSkybox":false,"showFlares":true,"showImageEffects":true,"showParticleSystems":true},"in2DMode":false,"pivot":{"x":-16.312000274658204,"y":-11.3414945602417,"z":-16.1200008392334},"rotation":{"x":0.0014944089343771339,"y":0.8916509747505188,"z":-0.45271456241607668,"w":0.0029432838782668115},"size":1.4289418458938599,"orthographic":false}