{"cameraMode":{"drawMode":0,"name":"Shaded","section":"Shading Mode"},"sceneLighting":false,"audioPlay":false,"sceneViewState":{"showFog":true,"showMaterialUpdate":false,"showSkybox":false,"showFlares":true,"showImageEffects":true,"showParticleSystems":true},"in2DMode":false,"pivot":{"x":-0.870754599571228,"y":1.7649850845336915,"z":0.027027741074562074},"rotation":{"x":0.10150254517793656,"y":-0.7916550040245056,"z":0.136960968375206,"w":0.5867090821266174},"size":4.041658401489258,"orthographic":false}