{"cameraMode":{"drawMode":0,"name":"Shaded","section":"Shading Mode"},"sceneLighting":true,"audioPlay":false,"sceneViewState":{"showFog":true,"showMaterialUpdate":false,"showSkybox":false,"showFlares":true,"showImageEffects":true,"showParticleSystems":true},"in2DMode":false,"pivot":{"x":0.5779253840446472,"y":1.1387672424316407,"z":-1.3020362854003907},"rotation":{"x":-0.1066918671131134,"y":-0.6840665340423584,"z":0.10299044847488404,"w":-0.7144529223442078},"size":8.948930740356446,"orthographic":false}